Model,Precision@10,Coverage,Training Time (s)
User-Based CF,0.47600000000000003,0.1206896551724138,12.523020029067993
Item-Based CF,0.46699999999999997,0.07728894173602854,10.904374837875366
SVD (MF),0.43799999999999994,0.20392390011890607,0.22559285163879395
Hybrid,0.5,0.1426872770511296,10.644086122512817
