Model,Precision@10,Coverage,Training Time (s)
User-Based CF,0.47600000000000003,0.1206896551724138,11.704220056533813
Item-Based CF,0.46699999999999997,0.07728894173602854,10.123722553253174
SVD (MF),0.43799999999999994,0.20392390011890607,0.2523646354675293
Hybrid,0.5,0.1426872770511296,10.110859155654907
